{"cpu_time": 0, "total_cpu_time": null, "wallclock_time": 0.02312469482421875, "evaluations": 0, "cost": 2147483648, "incumbent": ["x0='50.0'", "x1='50.0'", "x10='50.0'", "x11='50.0'", "x2='50.0'", "x3='50.0'", "x4='50.0'", "x5='50.0'", "x6='50.0'", "x7='50.0'", "x8='50.0'", "x9='50.0'"], "origin": "Sobol"}
{"cpu_time": 8.73890471458435, "total_cpu_time": null, "wallclock_time": 8.819615602493286, "evaluations": 1, "cost": -140.00910698738753, "incumbent": ["x0='50.0'", "x1='50.0'", "x10='50.0'", "x11='50.0'", "x2='50.0'", "x3='50.0'", "x4='50.0'", "x5='50.0'", "x6='50.0'", "x7='50.0'", "x8='50.0'", "x9='50.0'"], "origin": "Sobol"}
