{"cpu_time": 0, "total_cpu_time": null, "wallclock_time": 0.01982736587524414, "evaluations": 0, "cost": 2147483648, "incumbent": ["x0='50.0'", "x1='50.0'", "x10='50.0'", "x11='50.0'", "x2='50.0'", "x3='50.0'", "x4='50.0'", "x5='50.0'", "x6='50.0'", "x7='50.0'", "x8='50.0'", "x9='50.0'"], "origin": "Sobol"}
{"cpu_time": 9.078443765640259, "total_cpu_time": null, "wallclock_time": 9.162306785583496, "evaluations": 1, "cost": -136.29792300016294, "incumbent": ["x0='50.0'", "x1='50.0'", "x10='50.0'", "x11='50.0'", "x2='50.0'", "x3='50.0'", "x4='50.0'", "x5='50.0'", "x6='50.0'", "x7='50.0'", "x8='50.0'", "x9='50.0'"], "origin": "Sobol"}
{"cpu_time": 473.43058943748474, "total_cpu_time": null, "wallclock_time": 476.94201731681824, "evaluations": 54, "cost": -145.0290639718555, "incumbent": ["x0='84.375'", "x1='21.875'", "x10='9.375'", "x11='15.625'", "x2='53.125'", "x3='9.375'", "x4='28.125'", "x5='59.375'", "x6='53.125'", "x7='65.625'", "x8='15.625'", "x9='9.375'"], "origin": "Sobol"}
{"cpu_time": 920.694088935852, "total_cpu_time": null, "wallclock_time": 927.4497709274292, "evaluations": 104, "cost": -146.41111151165353, "incumbent": ["x0='78.125'", "x1='78.125'", "x10='65.625'", "x11='46.875'", "x2='71.875'", "x3='3.125'", "x4='21.875'", "x5='3.125'", "x6='34.375'", "x7='9.375'", "x8='21.875'", "x9='15.625'"], "origin": "Sobol"}
